id	source_file	url	type	download_status	http_code	bytes	local_path
001	resources/raw/001.md	https://imgs.xkcd.com/s/a899e84.jpg	direct_media	downloaded	200	21489	resources/media/001.jpg
002	resources/raw/001.md	https://imgs.xkcd.com/s/temperature.png	direct_media	downloaded	200	27710	resources/media/002.png
003	resources/raw/002.md	https://abs.twimg.com/hashflags/WWESmackdown/WWESmackdown.png	direct_media	downloaded	200	3100	resources/media/003.png
004	resources/raw/002.md	https://pbs.twimg.com/profile_images/2016093404367585280/Fi4l5KNc_normal.jpg	direct_media	downloaded	200	2263	resources/media/004.jpg
005	resources/raw/005.md	https://abs-0.twimg.com/emoji/v2/svg/1f934-1f3fb.svg	direct_media	downloaded	200	1604	resources/media/005.svg
006	resources/raw/005.md	https://abs-0.twimg.com/emoji/v2/svg/1f935-200d-2642-fe0f.svg	direct_media	downloaded	200	2376	resources/media/006.svg
007	resources/raw/005.md	https://abs-0.twimg.com/emoji/v2/svg/1f977-1f3fb.svg	direct_media	downloaded	200	2729	resources/media/007.svg
008	resources/raw/005.md	https://abs-0.twimg.com/emoji/v2/svg/1f9d9-1f3fb-200d-2642-fe0f.svg	direct_media	downloaded	200	2826	resources/media/008.svg
009	resources/raw/005.md	https://pbs.twimg.com/media/DYoshziU0AAVnV3?format=jpg&name=small	direct_media	downloaded	200	51018	resources/media/009.jpg
010	resources/raw/005.md	https://x.com/DrCamRx/status/975776470155984896/photo/1	tweet_ref	skipped_reference	-	-	-
011	resources/raw/006.md	https://abs-0.twimg.com/emoji/v2/svg/1f306.svg	direct_media	downloaded	200	580	resources/media/011.svg
012	resources/raw/006.md	https://pbs.twimg.com/profile_images/1633285302398910464/TC0b7tAg_normal.jpg	direct_media	downloaded	200	2035	resources/media/012.jpg
013	resources/raw/007.md	https://x.com/PicturesFoIder/status/1661852876639969282/photo/1	tweet_ref	skipped_reference	-	-	-
014	resources/raw/015.md	http://fxtwitter.com/BaytAlFann/status/1696095399193231572/photo/1	tweet_ref	skipped_reference	-	-	-
015	resources/raw/015.md	https://pbs.twimg.com/media/F4m9xbCXMAAFhup?format=jpg&name=900x900	direct_media	downloaded	200	208224	resources/media/015.jpg
016	resources/raw/015.md	https://pbs.twimg.com/profile_images/1443981782458699776/U1rhoKT7_normal.jpg	direct_media	downloaded	200	2415	resources/media/016.jpg
017	resources/raw/016.md	https://pbs.twimg.com/profile_images/2020664347249582080/8-4VsYvS_bigger.png	direct_media	downloaded	200	5643	resources/media/017.png
018	resources/raw/018.md	https://pbs.twimg.com/ext_tw_video_thumb/1712145448524480512/pu/img/LZnabL0smM1d9IrE.jpg	direct_media	downloaded	200	82137	resources/media/018.jpg
019	resources/raw/018.md	https://pbs.twimg.com/profile_images/1861041306258288640/V5yJEmjK_bigger.jpg	direct_media	downloaded	200	1905	resources/media/019.jpg
020	resources/raw/019.md	https://pbs.twimg.com/profile_images/1903224093476077568/OCclsw4c_bigger.jpg	direct_media	downloaded	200	2795	resources/media/020.jpg
021	resources/raw/019.md	https://pbs.twimg.com/profile_images/1911885165221023744/3knSxXxW_normal.jpg	direct_media	downloaded	200	2111	resources/media/021.jpg
022	resources/raw/020.md	https://pbs.twimg.com/profile_images/1579436604409757697/9nvcOPR0_normal.jpg	direct_media	downloaded	200	2263	resources/media/022.jpg
023	resources/raw/022.md	https://framerusercontent.com/images/1CYTZLztdYKOtisyKXkhgJedI.png?width=210&height=264	direct_media	downloaded	200	18901	resources/media/023.png
024	resources/raw/022.md	https://framerusercontent.com/images/3ZGj7eHlf0o83f3SufbNqYQOLU.jpg?width=736&height=981	direct_media	downloaded	200	71420	resources/media/024.jpg
025	resources/raw/022.md	https://framerusercontent.com/images/4BTW1wJPsHbL9ux1vEM5umyr6Fg.png?width=425&height=359	direct_media	downloaded	200	17117	resources/media/025.png
026	resources/raw/022.md	https://framerusercontent.com/images/4WPMOMF5KZs4ag6dd2TX6656maY.png?width=858&height=916	direct_media	downloaded	200	289631	resources/media/026.png
027	resources/raw/022.md	https://framerusercontent.com/images/4z94lQjYomIi9v8fwoA8uCdCeTY.png?width=210&height=264	direct_media	downloaded	200	30571	resources/media/027.png
028	resources/raw/022.md	https://framerusercontent.com/images/6FheUULiuvfpFX84y3mc5ooe1w.png?width=210&height=264	direct_media	downloaded	200	30909	resources/media/028.png
029	resources/raw/022.md	https://framerusercontent.com/images/A8Vh5uvyJS97QhANIUaNLisN1bU.png?width=1816&height=1423	direct_media	downloaded	200	114989	resources/media/029.png
030	resources/raw/022.md	https://framerusercontent.com/images/BvNS37WdZpojSAx1bVHWFa5908.webp?width=3717&height=2364	direct_media	downloaded	200	1356232	resources/media/030.webp
031	resources/raw/022.md	https://framerusercontent.com/images/CtdawQUjDwxEwJgm3uqzmOJrw.png?width=708&height=1665	direct_media	downloaded	200	581609	resources/media/031.png
032	resources/raw/022.md	https://framerusercontent.com/images/DLkrKga7AhW6okbQViIWmEMhQ.jpg?width=719&height=1280	direct_media	downloaded	200	82291	resources/media/032.jpg
033	resources/raw/022.md	https://framerusercontent.com/images/EnmwnFVpHB8TjizBQqEbnWunJcQ.jpg?width=729&height=514	direct_media	downloaded	200	44852	resources/media/033.jpg
034	resources/raw/022.md	https://framerusercontent.com/images/FIRpfVbKcMeJbhq3d7ZXbl1uCE4.png?width=210&height=264	direct_media	downloaded	200	41873	resources/media/034.png
035	resources/raw/022.md	https://framerusercontent.com/images/FhzI4h02yM0bIr5YxOxcyT1Vn8.png?width=417&height=903	direct_media	downloaded	200	46524	resources/media/035.png
036	resources/raw/022.md	https://framerusercontent.com/images/G8NT4a3o0kAT8rE4moQKLcKA0QI.jpg?width=736&height=942	direct_media	downloaded	200	53106	resources/media/036.jpg
037	resources/raw/022.md	https://framerusercontent.com/images/HGczGINCprwMQJveEfswh0sCAU.webp?width=1338&height=1662	direct_media	downloaded	200	434470	resources/media/037.webp
038	resources/raw/022.md	https://framerusercontent.com/images/KPTbThUZSI0gNAtqMh6ivSZsu44.png?width=1132&height=1122	direct_media	downloaded	200	301449	resources/media/038.png
039	resources/raw/022.md	https://framerusercontent.com/images/L3cdkx228NiOaR2dbiAuvQc83TI.png?width=1252&height=409	direct_media	downloaded	200	66928	resources/media/039.png
040	resources/raw/022.md	https://framerusercontent.com/images/L8NctJY99ZPSs0lE3iqjN3ihDY.png?width=477&height=409	direct_media	downloaded	200	62258	resources/media/040.png
041	resources/raw/022.md	https://framerusercontent.com/images/PbZIPXq4OdrsywptHmlneIPCVg.png?width=357&height=357	direct_media	downloaded	200	23738	resources/media/041.png
042	resources/raw/022.md	https://framerusercontent.com/images/PmtaBHbbrBQ2tm95Tsg5NVC29HI.jpg?width=900&height=1200	direct_media	downloaded	200	185707	resources/media/042.jpg
043	resources/raw/022.md	https://framerusercontent.com/images/TWpEX1uNZ6hGLckiil5KR4ACHZo.jpg?width=736&height=920	direct_media	downloaded	200	100597	resources/media/043.jpg
044	resources/raw/022.md	https://framerusercontent.com/images/Tv8VkPU06AsCdtdYeOrfs8xa6o.jpg?width=1200&height=1600	direct_media	downloaded	200	221250	resources/media/044.jpg
045	resources/raw/022.md	https://framerusercontent.com/images/VuGeal1ahR5Ig8Jn1LydZ1Pbzo.png?width=2252&height=2228	direct_media	downloaded	200	1779073	resources/media/045.png
046	resources/raw/022.md	https://framerusercontent.com/images/W6sqjPiYpoFX8RMAJwTq5I5QLiU.png?width=273&height=306	direct_media	downloaded	200	40962	resources/media/046.png
047	resources/raw/022.md	https://framerusercontent.com/images/WNMmEUClyaAn6ljcbhK95lWJ4I8.jpg?width=736&height=842	direct_media	downloaded	200	57563	resources/media/047.jpg
048	resources/raw/022.md	https://framerusercontent.com/images/Wda2XJLXV8KC7gdZLXyGCvLlYE.jpg?width=1170&height=1595	direct_media	downloaded	200	195468	resources/media/048.jpg
049	resources/raw/022.md	https://framerusercontent.com/images/WiSs3G5YGJLWavyxjudShfriA.png?width=2880&height=1097	direct_media	downloaded	200	61175	resources/media/049.png
050	resources/raw/022.md	https://framerusercontent.com/images/aajWrQ5J27wbx1i7EqLqztQn4.svg?width=278&height=163	direct_media	downloaded	200	144812	resources/media/050.svg
051	resources/raw/022.md	https://framerusercontent.com/images/b06cDlOzjDpmQTuQyZOxYImzBys.png?width=737&height=745	direct_media	downloaded	200	32583	resources/media/051.png
052	resources/raw/022.md	https://framerusercontent.com/images/e6lTMeNa3WLW9xjQC5M5EcuzVbM.png?width=2004&height=1287	direct_media	downloaded	200	170209	resources/media/052.png
053	resources/raw/022.md	https://framerusercontent.com/images/gc42TWMnBJnHGLeqsoKaa2nQg.jpg?width=750&height=506	direct_media	downloaded	200	51088	resources/media/053.jpg
054	resources/raw/022.md	https://framerusercontent.com/images/hkCsKLJ24GExXHeinYNwHcDv0Y.jpg?width=512&height=512	direct_media	downloaded	200	103934	resources/media/054.jpg
055	resources/raw/022.md	https://framerusercontent.com/images/iFpwZfNQYAvPo2UFFsfCGyphRM.png?width=192&height=192	direct_media	downloaded	200	4964	resources/media/055.png
056	resources/raw/022.md	https://framerusercontent.com/images/ignZM7iW3ITUoa0pwrvNdPkCWw.png?width=210&height=264	direct_media	downloaded	200	39969	resources/media/056.png
057	resources/raw/022.md	https://framerusercontent.com/images/kdhJibXdqe1rmPTChknDjozPIw.jpg?width=900&height=1200	direct_media	downloaded	200	129274	resources/media/057.jpg
058	resources/raw/022.md	https://framerusercontent.com/images/l1BRuVWmAxMfyo11wcSZMN5YBvQ.png?width=944&height=2220	direct_media	downloaded	200	78061	resources/media/058.png
059	resources/raw/022.md	https://framerusercontent.com/images/mPbimhVa62EnP314UBtVoLWDW9U.png?width=210&height=264	direct_media	downloaded	200	35421	resources/media/059.png
060	resources/raw/022.md	https://framerusercontent.com/images/mfvt64JAUexQHHsAIDio2nEtAcQ.png?width=1179&height=918	direct_media	downloaded	200	252574	resources/media/060.png
061	resources/raw/022.md	https://framerusercontent.com/images/nNEuJJwBQnzovSb0YPU057QIRE.png?width=210&height=264	direct_media	downloaded	200	33296	resources/media/061.png
062	resources/raw/022.md	https://framerusercontent.com/images/negkNTC2PTJRy6pFQ1coArcn4U.png?width=3717&height=2364	direct_media	downloaded	200	825010	resources/media/062.png
063	resources/raw/022.md	https://framerusercontent.com/images/nj1wSaWHWL8JdGOTjF2Pl52jR0.jpg?width=988&height=1024	direct_media	downloaded	200	278194	resources/media/063.jpg
064	resources/raw/022.md	https://framerusercontent.com/images/nsafpbWmmRQEvTMGjRVAyD84Y.png?width=1070&height=363	direct_media	downloaded	200	50732	resources/media/064.png
065	resources/raw/022.md	https://framerusercontent.com/images/qnixtpYmxKRCdctJ84zT9gPVzQ4.jpg?width=736&height=552	direct_media	downloaded	200	91217	resources/media/065.jpg
066	resources/raw/022.md	https://framerusercontent.com/images/sBJ8fI4QsJzBw1Nn61KEOP3oW0.jpg?width=474&height=356	direct_media	downloaded	200	30861	resources/media/066.jpg
067	resources/raw/022.md	https://framerusercontent.com/images/tYeloJ4oSSugNPt5Z9h3wKiEg8.jpg?width=1179&height=2101	direct_media	downloaded	200	515605	resources/media/067.jpg
068	resources/raw/022.md	https://framerusercontent.com/images/wg7Wq98XT8k2ff36fY6KAd2Z0U.png?width=720&height=720	direct_media	downloaded	200	38499	resources/media/068.png
069	resources/raw/022.md	https://framerusercontent.com/images/ycDZh6c9ehDBfBr2gpgvK92NQU.jpg?width=225&height=225	direct_media	downloaded	200	3560	resources/media/069.jpg
070	resources/raw/022.md	https://framerusercontent.com/images/zJQ8cseJQqa4CcqvG6NVzC1UOl8.png?width=232&height=234	direct_media	downloaded	200	3448	resources/media/070.png
071	resources/raw/025.md	https://pbs.twimg.com/media/Gbo1walbMAAa5cJ?format=jpg&name=small	direct_media	downloaded	200	16636	resources/media/071.jpg
072	resources/raw/025.md	https://x.com/ccamp___/status/1853853802090414532/photo/1	tweet_ref	skipped_reference	-	-	-
073	resources/raw/028.md	http://fxtwitter.com/nayafia/status/1904912486408856059/photo/1	tweet_ref	skipped_reference	-	-	-
074	resources/raw/028.md	https://abs-0.twimg.com/emoji/v2/svg/2600.svg	direct_media	downloaded	200	759	resources/media/074.svg
075	resources/raw/028.md	https://pbs.twimg.com/media/Gm-bCYQbQAA--jV?format=jpg&name=small	direct_media	downloaded	200	70732	resources/media/075.jpg
076	resources/raw/028.md	https://pbs.twimg.com/profile_images/1516026268780793859/Nv-idlPi_mini.jpg	direct_media	downloaded	200	1514	resources/media/076.jpg
077	resources/raw/028.md	https://pbs.twimg.com/profile_images/1738331573890543616/3iywYZj5_normal.jpg	direct_media	downloaded	200	2035	resources/media/077.jpg
078	resources/raw/029.md	https://pbs.twimg.com/media/Gqf9IP0XcAALy9j?format=jpg&name=small	direct_media	downloaded	200	78039	resources/media/078.jpg
079	resources/raw/029.md	https://x.com/LnrdRizzo/status/1920783054181728701/photo/1	tweet_ref	skipped_reference	-	-	-
080	resources/raw/031.md	https://pbs.twimg.com/profile_images/1978520543692566528/80kL2ZKx_normal.png	direct_media	downloaded	200	4391	resources/media/080.png
081	resources/raw/033.md	https://abs-0.twimg.com/emoji/v2/svg/1f9f5.svg	direct_media	downloaded	200	1893	resources/media/081.svg
082	resources/raw/033.md	https://pbs.twimg.com/media/G_mvuM5W0AAd1E-?format=jpg&name=small	direct_media	downloaded	200	40886	resources/media/082.jpg
083	resources/raw/033.md	https://x.com/arram/status/2015838119472308224/photo/1	tweet_ref	skipped_reference	-	-	-
084	resources/raw/034.md	https://abs-0.twimg.com/emoji/v2/svg/1f535.svg	direct_media	downloaded	200	113	resources/media/084.svg
085	resources/raw/034.md	https://abs-0.twimg.com/emoji/v2/svg/1f7e0.svg	direct_media	downloaded	200	113	resources/media/085.svg
086	resources/raw/034.md	https://abs-0.twimg.com/emoji/v2/svg/1f7e1.svg	direct_media	downloaded	200	113	resources/media/086.svg
087	resources/raw/034.md	https://pbs.twimg.com/amplify_video_thumb/2016924085306200064/img/b_v6P20J9bPYcCih.jpg	direct_media	downloaded	200	48623	resources/media/087.jpg
088	resources/raw/035.md	https://pbs.twimg.com/profile_images/2017721311900966915/SV3lJJOt_normal.jpg	direct_media	downloaded	200	2339	resources/media/088.jpg
