003	resources/raw/002.md	https://abs.twimg.com/hashflags/WWESmackdown/WWESmackdown.png	direct_media	downloaded	200	3100	resources/media/003.png
004	resources/raw/002.md	https://pbs.twimg.com/profile_images/2016093404367585280/Fi4l5KNc_normal.jpg	direct_media	downloaded	200	2263	resources/media/004.jpg
005	resources/raw/005.md	https://abs-0.twimg.com/emoji/v2/svg/1f934-1f3fb.svg	direct_media	downloaded	200	1604	resources/media/005.svg
006	resources/raw/005.md	https://abs-0.twimg.com/emoji/v2/svg/1f935-200d-2642-fe0f.svg	direct_media	downloaded	200	2376	resources/media/006.svg
007	resources/raw/005.md	https://abs-0.twimg.com/emoji/v2/svg/1f977-1f3fb.svg	direct_media	downloaded	200	2729	resources/media/007.svg
008	resources/raw/005.md	https://abs-0.twimg.com/emoji/v2/svg/1f9d9-1f3fb-200d-2642-fe0f.svg	direct_media	downloaded	200	2826	resources/media/008.svg
009	resources/raw/005.md	https://pbs.twimg.com/media/DYoshziU0AAVnV3?format=jpg&name=small	direct_media	downloaded	200	51018	resources/media/009.jpg
010	resources/raw/005.md	https://x.com/DrCamRx/status/975776470155984896/photo/1	tweet_ref	skipped_reference	-	-	-
011	resources/raw/006.md	https://abs-0.twimg.com/emoji/v2/svg/1f306.svg	direct_media	downloaded	200	580	resources/media/011.svg
012	resources/raw/006.md	https://pbs.twimg.com/profile_images/1633285302398910464/TC0b7tAg_normal.jpg	direct_media	downloaded	200	2035	resources/media/012.jpg
013	resources/raw/007.md	https://x.com/PicturesFoIder/status/1661852876639969282/photo/1	tweet_ref	skipped_reference	-	-	-
014	resources/raw/015.md	http://fxtwitter.com/BaytAlFann/status/1696095399193231572/photo/1	tweet_ref	skipped_reference	-	-	-
015	resources/raw/015.md	https://pbs.twimg.com/media/F4m9xbCXMAAFhup?format=jpg&name=900x900	direct_media	downloaded	200	208224	resources/media/015.jpg
016	resources/raw/015.md	https://pbs.twimg.com/profile_images/1443981782458699776/U1rhoKT7_normal.jpg	direct_media	downloaded	200	2415	resources/media/016.jpg
017	resources/raw/016.md	https://pbs.twimg.com/profile_images/2020664347249582080/8-4VsYvS_bigger.png	direct_media	downloaded	200	5643	resources/media/017.png
018	resources/raw/018.md	https://pbs.twimg.com/ext_tw_video_thumb/1712145448524480512/pu/img/LZnabL0smM1d9IrE.jpg	direct_media	downloaded	200	82137	resources/media/018.jpg
019	resources/raw/018.md	https://pbs.twimg.com/profile_images/1861041306258288640/V5yJEmjK_bigger.jpg	direct_media	downloaded	200	1905	resources/media/019.jpg
020	resources/raw/019.md	https://pbs.twimg.com/profile_images/1903224093476077568/OCclsw4c_bigger.jpg	direct_media	downloaded	200	2795	resources/media/020.jpg
021	resources/raw/019.md	https://pbs.twimg.com/profile_images/1911885165221023744/3knSxXxW_normal.jpg	direct_media	downloaded	200	2111	resources/media/021.jpg
022	resources/raw/020.md	https://pbs.twimg.com/profile_images/1579436604409757697/9nvcOPR0_normal.jpg	direct_media	downloaded	200	2263	resources/media/022.jpg
071	resources/raw/025.md	https://pbs.twimg.com/media/Gbo1walbMAAa5cJ?format=jpg&name=small	direct_media	downloaded	200	16636	resources/media/071.jpg
072	resources/raw/025.md	https://x.com/ccamp___/status/1853853802090414532/photo/1	tweet_ref	skipped_reference	-	-	-
073	resources/raw/028.md	http://fxtwitter.com/nayafia/status/1904912486408856059/photo/1	tweet_ref	skipped_reference	-	-	-
074	resources/raw/028.md	https://abs-0.twimg.com/emoji/v2/svg/2600.svg	direct_media	downloaded	200	759	resources/media/074.svg
075	resources/raw/028.md	https://pbs.twimg.com/media/Gm-bCYQbQAA--jV?format=jpg&name=small	direct_media	downloaded	200	70732	resources/media/075.jpg
076	resources/raw/028.md	https://pbs.twimg.com/profile_images/1516026268780793859/Nv-idlPi_mini.jpg	direct_media	downloaded	200	1514	resources/media/076.jpg
077	resources/raw/028.md	https://pbs.twimg.com/profile_images/1738331573890543616/3iywYZj5_normal.jpg	direct_media	downloaded	200	2035	resources/media/077.jpg
078	resources/raw/029.md	https://pbs.twimg.com/media/Gqf9IP0XcAALy9j?format=jpg&name=small	direct_media	downloaded	200	78039	resources/media/078.jpg
079	resources/raw/029.md	https://x.com/LnrdRizzo/status/1920783054181728701/photo/1	tweet_ref	skipped_reference	-	-	-
080	resources/raw/031.md	https://pbs.twimg.com/profile_images/1978520543692566528/80kL2ZKx_normal.png	direct_media	downloaded	200	4391	resources/media/080.png
081	resources/raw/033.md	https://abs-0.twimg.com/emoji/v2/svg/1f9f5.svg	direct_media	downloaded	200	1893	resources/media/081.svg
082	resources/raw/033.md	https://pbs.twimg.com/media/G_mvuM5W0AAd1E-?format=jpg&name=small	direct_media	downloaded	200	40886	resources/media/082.jpg
083	resources/raw/033.md	https://x.com/arram/status/2015838119472308224/photo/1	tweet_ref	skipped_reference	-	-	-
084	resources/raw/034.md	https://abs-0.twimg.com/emoji/v2/svg/1f535.svg	direct_media	downloaded	200	113	resources/media/084.svg
085	resources/raw/034.md	https://abs-0.twimg.com/emoji/v2/svg/1f7e0.svg	direct_media	downloaded	200	113	resources/media/085.svg
086	resources/raw/034.md	https://abs-0.twimg.com/emoji/v2/svg/1f7e1.svg	direct_media	downloaded	200	113	resources/media/086.svg
087	resources/raw/034.md	https://pbs.twimg.com/amplify_video_thumb/2016924085306200064/img/b_v6P20J9bPYcCih.jpg	direct_media	downloaded	200	48623	resources/media/087.jpg
088	resources/raw/035.md	https://pbs.twimg.com/profile_images/2017721311900966915/SV3lJJOt_normal.jpg	direct_media	downloaded	200	2339	resources/media/088.jpg
